"Refs","Value","Footprint","Qty"
"C1","100uF 10V","Capacitor_THT:CP_Radial_D6.3mm_P2.50mm","1"
"C2,C3,C4,C5,C8,C9,C10","100nF","Capacitor_THT:C_Disc_D5.0mm_W2.5mm_P5.00mm","7"
"C6,C7","22pF","Capacitor_THT:C_Disc_D5.0mm_W2.5mm_P5.00mm","2"
"D1","green","LED_THT:LED_D3.0mm","1"
"D2,D3,D5","1N4148","Diode_THT:D_DO-35_SOD27_P7.62mm_Horizontal","3"
"D4","red","LED_THT:LED_D3.0mm","1"
"D6","BAT85","Diode_THT:D_DO-35_SOD27_P7.62mm_Horizontal","1"
"F1","0.75A hold","Fuse:Fuse_BelFuse_0ZRE0075FF_L11.5mm_W4.8mm","1"
"J1","USB-C 5V","Connector_USB:USB_C_Receptacle_GCT_USB4125-xx-x_6P_TopMnt_Horizontal","1"
"J2","ISP","Connector_PinHeader_2.54mm:PinHeader_2x03_P2.54mm_Vertical","1"
"J3","FTDI","Connector_PinHeader_2.54mm:PinHeader_1x06_P2.54mm_Vertical","1"
"J4","LCD I2C","Connector_JST:JST_XH_B4B-XH-A_1x04_P2.50mm_Vertical","1"
"J5","ENCODER","Connector_JST:JST_XH_B5B-XH-A_1x05_P2.50mm_Vertical","1"
"J6","GUI BUTTON","Connector_JST:JST_XH_B2B-XH-A_1x02_P2.50mm_Vertical","1"
"J7","SONAR (HC-SR04)","Connector_JST:JST_XH_B4B-XH-A_1x04_P2.50mm_Vertical","1"
"J8","DOOR SWITCH","Connector_JST:JST_XH_B2B-XH-A_1x02_P2.50mm_Vertical","1"
"J9","LDR","Connector_JST:JST_XH_B2B-XH-A_1x02_P2.50mm_Vertical","1"
"J10","OPENER","TerminalBlock_Phoenix:TerminalBlock_Phoenix_MKDS-1,5-3-5.08_1x03_P5.08mm_Horizontal","1"
"J11","PARK ASSIST","Connector_JST:JST_XH_B5B-XH-A_1x05_P2.50mm_Vertical","1"
"J12","ESP8266","Connector_PinHeader_2.54mm:PinHeader_1x07_P2.54mm_Vertical","1"
"K1","SRD-05VDC-SL-C","Relay_THT:Relay_SPDT_SANYOU_SRD_Series_Form_C","1"
"Q1,Q2","2N7000","Package_TO_SOT_THT:TO-92_Inline","2"
"Q3","2N3904","Package_TO_SOT_THT:TO-92_Inline","1"
"R1,R2","5.1k","Resistor_THT:R_Axial_DIN0207_L6.3mm_D2.5mm_P10.16mm_Horizontal","2"
"R3,R5,R9,R11,R15","1k","Resistor_THT:R_Axial_DIN0207_L6.3mm_D2.5mm_P10.16mm_Horizontal","5"
"R4,R12,R20","10k","Resistor_THT:R_Axial_DIN0207_L6.3mm_D2.5mm_P10.16mm_Horizontal","3"
"R6,R7,R10,R27","4.7k","Resistor_THT:R_Axial_DIN0207_L6.3mm_D2.5mm_P10.16mm_Horizontal","4"
"R8,R13,R18","100","Resistor_THT:R_Axial_DIN0207_L6.3mm_D2.5mm_P10.16mm_Horizontal","3"
"R14,R19,R28","100k","Resistor_THT:R_Axial_DIN0207_L6.3mm_D2.5mm_P10.16mm_Horizontal","3"
"R16,R17","330","Resistor_THT:R_Axial_DIN0207_L6.3mm_D2.5mm_P10.16mm_Horizontal","2"
"R21,R23,R25","2.2k","Resistor_THT:R_Axial_DIN0207_L6.3mm_D2.5mm_P10.16mm_Horizontal","3"
"R22,R24,R26","3.3k","Resistor_THT:R_Axial_DIN0207_L6.3mm_D2.5mm_P10.16mm_Horizontal","3"
"SW1","RESET","Button_Switch_THT:SW_PUSH_6mm","1"
"U1","ATmega328P-PU","Package_DIP:DIP-28_W7.62mm_Socket","1"
"Y1","16MHz","Crystal:Crystal_HC49-4H_Vertical","1"
